--CREATE TABLE S(SNUM char NOT NULL, SNAME varchar(20) NOT NULL, STATUS int NOT NULL, CITY varchar(20) NOT NULL, PRIMARY KEY(SNUM));

INSERT INTO S values ('S1','SMITH', '20', 'LONDON');
INSERT INTO S values ('S2', 'JONES', '10', 'PARIS');
INSERT INTO S values ('S3', 'BLAKE', '30', 'PARIS');
INSERT INTO S values ('S4', 'CLARK', '20', 'LONDON');
INSERT INTO S values ('S5','ADAMS', '30', 'ATHENS');


--CREATE TABLE P(PNUM char NOT NULL, PNAME varchar(20) NOT NULL, COLOR varchar(20) NOT NULL,  WEIGHT varchar(20) NOT NULL, PRIMARY KEY(PNUM));

--INSERT INTO P(PNUM, PNAME,COLOR,WEIGHT) values ('P1', 'NUT', 'RED', '12');
--INSERT INTO P(PNUM , PNAME,COLOR,WEIGHT) values ('P2', 'BOLT', 'GREEN', '17');
--INSERT INTO P(PNUM , PNAME,COLOR,WEIGHT) values ('P3', 'SCREW', 'BLUE', '17');
--INSERT INTO P(PNUM , PNAME,COLOR,WEIGHT) values ('P4', 'SCREW', 'RED', '14');
--INSERT INTO P(PNUM , PNAME,COLOR,WEIGHT) values ('P5', 'CAM', 'BLUE', '12');
--INSERT INTO P(PNUM , PNAME,COLOR,WEIGHT) values ('P6', 'COG', 'RED', '19');


--CREATE TABLE SP(SNUM char NOT NULL,PNUM  char NOT NULL, QTY int NOT NULL, PRIMARY KEY(QTY), FOREIGN KEY(SNUM)  REFERENCES S(SNUM), FOREIGN KEY(PNUM) REFERENCES P(PNUM));

--INSERT INTO SP(SNUM,PNUM , QTY) values ('S1', 'P1', '300');
--INSERT INTO SP(SNUM,PNUM , QTY) values ('S1', 'P2', '200');
--INSERT INTO SP(SNUM,PNUM , QTY) values ('S1', 'P3', '400');
--INSERT INTO SP(SNUM,PNUM , QTY) values ('S1', 'P4', '200');
--INSERT INTO SP(SNUM,PNUM , QTY) values ('S1', 'P5', '100');
--INSERT INTO SP(SNUM,PNUM , QTY) values ('S1', 'P6', '100');
--INSERT INTO SP(SNUM,PNUM , QTY) values ('S2', 'P1', '300');
--INSERT INTO SP(SNUM,PNUM , QTY) values ('S2', 'P2', '400');
--INSERT INTO SP(SNUM,PNUM , QTY) values ('S3', 'P2', '200');
--INSERT INTO SP(SNUM,PNUM , QTY) values ('S4', 'P2', '200');
--INSERT INTO SP(SNUM,PNUM , QTY) values ('S4', 'P4', '300');
--INSERT INTO SP(SNUM,PNUM , QTY) values ('S4', 'P5', '400');
